Changes made at Sat Aug  9 05:58:18 UTC 2025
Changes made at Thu Nov 20 14:06:29 UTC 2025
Changes made at Thu Nov 20 14:14:07 UTC 2025
Changes made at Thu Nov 20 16:18:37 UTC 2025
Changes made at Fri Nov 21 08:20:23 UTC 2025
Changes made at Fri Nov 21 10:15:15 UTC 2025
Changes made at Fri Nov 21 14:14:03 UTC 2025
Changes made at Fri Nov 21 16:18:01 UTC 2025
Changes made at Sat Nov 22 08:17:35 UTC 2025
Changes made at Sat Nov 22 10:13:38 UTC 2025
Changes made at Sat Nov 22 14:11:39 UTC 2025
Changes made at Sat Nov 22 16:15:32 UTC 2025
Changes made at Sun Nov 23 08:17:34 UTC 2025
Changes made at Sun Nov 23 10:13:33 UTC 2025
